id,label
0,Algebra
1,Number Theory
2,Algebra
3,Algebra
4,Number Theory
5,Geometry
6,Number Theory
7,Geometry
8,Algebra
9,Algebra
10,Algebra
11,Geometry
12,Algebra
13,Algebra
14,Geometry
15,Geometry
16,Algebra
17,Algebra
18,Geometry
19,Algebra
20,Combinatorics
21,Combinatorics
22,Algebra
23,Combinatorics
24,Geometry
25,Algebra
26,Combinatorics
27,Combinatorics
28,Combinatorics
29,Combinatorics
30,Algebra
31,Algebra
32,Number Theory
33,Geometry
34,Geometry
35,Algebra
37,Number Theory
38,Number Theory
39,Number Theory
41,Number Theory
42,Algebra
44,Combinatorics
45,Algebra
46,Algebra
47,Combinatorics
48,Combinatorics
49,Geometry
50,Number Theory
51,Combinatorics
52,Algebra
53,Algebra
54,Number Theory
55,Number Theory
56,Number Theory
57,Geometry
58,Number Theory
59,Geometry
60,Combinatorics
61,Geometry
62,Geometry
63,Number Theory
64,Algebra
65,Geometry
66,Algebra
67,Geometry
68,Number Theory
69,Number Theory
70,Combinatorics
71,Number Theory
72,Combinatorics
73,Geometry
74,Algebra
75,Algebra
76,Geometry
77,Algebra
78,Algebra
79,Algebra
80,Combinatorics
81,Geometry
82,Algebra
83,Geometry
84,Algebra
85,Number Theory
86,Algebra
87,Algebra
88,Algebra
89,Number Theory
90,Algebra
91,Algebra
92,Algebra
93,Combinatorics
94,Algebra
95,Number Theory
96,Number Theory
97,Combinatorics
98,Algebra
99,Combinatorics
100,Algebra
101,Geometry
102,Number Theory
103,Combinatorics
104,Algebra
105,Algebra
106,Algebra
107,Number Theory
108,Algebra
109,Combinatorics
110,Combinatorics
111,Combinatorics
112,Combinatorics
113,Geometry
114,Algebra
115,Combinatorics
116,Number Theory
117,Algebra
118,Number Theory
119,Combinatorics
120,Number Theory
121,Combinatorics
122,Geometry
123,Algebra
124,Geometry
125,Algebra
126,Number Theory
127,Algebra
128,Algebra
129,Combinatorics
130,Geometry
131,Algebra
132,Algebra
133,Number Theory
134,Number Theory
135,Algebra
136,Combinatorics
137,Geometry
138,Geometry
139,Algebra
140,Combinatorics
141,Algebra
142,Combinatorics
143,Algebra
144,Algebra
145,Geometry
146,Algebra
147,Algebra
148,Geometry
149,Geometry
150,Number Theory
151,Algebra
152,Geometry
153,Algebra
154,Algebra
155,Number Theory
156,Number Theory
157,Number Theory
158,Algebra
159,Number Theory
160,Number Theory
161,Number Theory
162,Geometry
163,Number Theory
164,Combinatorics
165,Algebra
166,Algebra
167,Algebra
168,Geometry
169,Combinatorics
170,Number Theory
171,Geometry
172,Number Theory
173,Algebra
174,Number Theory
175,Algebra
176,Algebra
177,Number Theory
178,Algebra
179,Combinatorics
180,Algebra
181,Number Theory
182,Number Theory
183,Algebra
184,Algebra
185,Algebra
186,Geometry
187,Algebra
188,Algebra
189,Algebra
190,Algebra
191,Algebra
192,Combinatorics
193,Combinatorics
194,Geometry
195,Combinatorics
196,Combinatorics
197,Algebra
198,Geometry
199,Algebra
200,Geometry
201,Number Theory
202,Number Theory
203,Combinatorics
204,Algebra
205,Geometry
206,Algebra
207,Algebra
208,Combinatorics
209,Combinatorics
210,Algebra
211,Geometry
212,Geometry
213,Algebra
214,Combinatorics
215,Geometry
216,Combinatorics
217,Geometry
218,Algebra
219,Number Theory
220,Geometry
221,Combinatorics
222,Number Theory
223,Number Theory
224,Algebra
225,Algebra
226,Number Theory
227,Algebra
228,Algebra
229,Number Theory
230,Algebra
231,Number Theory
232,Algebra
233,Combinatorics
234,Combinatorics
235,Algebra
236,Geometry
237,Geometry
238,Algebra
239,Algebra
240,Algebra
241,Geometry
242,Combinatorics
243,Number Theory
244,Algebra
245,Geometry
246,Combinatorics
247,Number Theory
248,Geometry
249,Algebra
250,Algebra
251,Combinatorics
252,Number Theory
253,Combinatorics
254,Combinatorics
255,Geometry
256,Combinatorics
257,Geometry
258,Algebra
259,Number Theory
260,Geometry
261,Algebra
262,Geometry
263,Combinatorics
265,Algebra
266,Geometry
267,Combinatorics
268,Geometry
269,Combinatorics
270,Combinatorics
271,Algebra
272,Combinatorics
273,Algebra
274,Algebra
275,Algebra
276,Algebra
277,Number Theory
278,Algebra
279,Algebra
280,Algebra
281,Algebra
282,Geometry
283,Algebra
284,Algebra
285,Geometry
286,Geometry
287,Number Theory
288,Geometry
289,Number Theory
290,Algebra
291,Geometry
292,Combinatorics
293,Algebra
294,Geometry
295,Number Theory
296,Algebra
297,Combinatorics
298,Geometry
299,Algebra
300,Algebra
301,Combinatorics
302,Algebra
303,Combinatorics
304,Geometry
305,Geometry
306,Algebra
307,Combinatorics
308,Combinatorics
309,Number Theory
310,Algebra
311,Algebra
312,Number Theory
313,Combinatorics
314,Geometry
315,Algebra
317,Algebra
318,Algebra
319,Algebra
320,Combinatorics
321,Algebra
322,Geometry
323,Algebra
324,Combinatorics
325,Algebra
326,Combinatorics
327,Algebra
328,Combinatorics
329,Combinatorics
330,Algebra
331,Algebra
332,Geometry
333,Algebra
334,Geometry
335,Geometry
336,Geometry
337,Number Theory
338,Number Theory
339,Algebra
340,Number Theory
341,Algebra
342,Combinatorics
343,Number Theory
344,Geometry
345,Algebra
346,Combinatorics
347,Algebra
348,Algebra
349,Algebra
350,Combinatorics
351,Algebra
352,Algebra
353,Algebra
354,Number Theory
355,Algebra
356,Geometry
357,Algebra
358,Algebra
359,Algebra
360,Algebra
361,Algebra
362,Number Theory
363,Number Theory
364,Algebra
365,Combinatorics
366,Algebra
367,Algebra
368,Algebra
369,Combinatorics
370,Combinatorics
371,Geometry
372,Number Theory
373,Geometry
374,Algebra
375,Combinatorics
376,Geometry
377,Number Theory
378,Number Theory
379,Number Theory
380,Combinatorics
381,Number Theory
382,Number Theory
383,Number Theory
384,Algebra
385,Geometry
386,Algebra
387,Number Theory
388,Algebra
389,Geometry
390,Geometry
391,Combinatorics
392,Algebra
393,Number Theory
394,Combinatorics
395,Combinatorics
396,Number Theory
397,Number Theory
398,Geometry
399,Combinatorics
400,Geometry
401,Geometry
402,Algebra
403,Combinatorics
404,Combinatorics
405,Algebra
406,Geometry
407,Algebra
408,Algebra
409,Geometry
410,Number Theory
411,Geometry
412,Algebra
413,Algebra
414,Number Theory
415,Algebra
416,Algebra
417,Algebra
418,Combinatorics
419,Combinatorics
420,Geometry
421,Number Theory
422,Algebra
423,Algebra
424,Combinatorics
425,Combinatorics
426,Combinatorics
427,Geometry
428,Number Theory
429,Algebra
430,Algebra
431,Combinatorics
432,Number Theory
433,Combinatorics
434,Combinatorics
435,Combinatorics
436,Geometry
437,Number Theory
438,Algebra
439,Algebra
440,Algebra
441,Combinatorics
442,Combinatorics
443,Algebra
444,Number Theory
445,Combinatorics
446,Algebra
447,Combinatorics
448,Number Theory
449,Combinatorics
450,Algebra
451,Number Theory
452,Algebra
453,Algebra
454,Geometry
455,Geometry
456,Geometry
457,Geometry
458,Algebra
459,Geometry
460,Algebra
461,Combinatorics
462,Geometry
463,Combinatorics
464,Geometry
465,Algebra
466,Combinatorics
467,Algebra
468,Combinatorics
469,Combinatorics
470,Algebra
471,Combinatorics
472,Geometry
473,Algebra
474,Algebra
475,Algebra
476,Number Theory
477,Combinatorics
478,Algebra
479,Algebra
480,Number Theory
481,Combinatorics
482,Geometry
483,Algebra
484,Geometry
485,Combinatorics
486,Geometry
487,Algebra
488,Number Theory
489,Combinatorics
490,Algebra
491,Number Theory
492,Combinatorics
493,Combinatorics
494,Algebra
495,Combinatorics
496,Combinatorics
497,Geometry
498,Combinatorics
499,Number Theory
500,Combinatorics
501,Number Theory
502,Combinatorics
503,Geometry
504,Geometry
505,Algebra
506,Number Theory
507,Algebra
508,Algebra
509,Geometry
510,Number Theory
511,Algebra
512,Geometry
513,Algebra
514,Combinatorics
515,Combinatorics
516,Geometry
517,Number Theory
518,Geometry
519,Geometry
520,Algebra
521,Geometry
522,Combinatorics
523,Geometry
525,Algebra
526,Geometry
527,Algebra
528,Algebra
529,Algebra
530,Algebra
531,Algebra
532,Combinatorics
533,Combinatorics
534,Algebra
535,Combinatorics
536,Geometry
537,Algebra
538,Geometry
539,Algebra
540,Algebra
541,Algebra
542,Combinatorics
543,Combinatorics
544,Algebra
545,Algebra
546,Algebra
547,Algebra
548,Geometry
549,Algebra
550,Number Theory
551,Algebra
552,Algebra
553,Combinatorics
554,Combinatorics
555,Geometry
556,Algebra
557,Combinatorics
558,Algebra
559,Combinatorics
560,Combinatorics
561,Algebra
562,Geometry
563,Geometry
564,Algebra
565,Geometry
566,Algebra
567,Geometry
568,Number Theory
569,Algebra
570,Algebra
571,Number Theory
572,Combinatorics
573,Combinatorics
574,Combinatorics
575,Geometry
576,Number Theory
577,Geometry
578,Geometry
579,Combinatorics
580,Geometry
581,Algebra
582,Algebra
583,Number Theory
584,Geometry
585,Number Theory
586,Geometry
587,Geometry
588,Combinatorics
589,Algebra
590,Number Theory
591,Combinatorics
592,Algebra
593,Number Theory
594,Algebra
595,Geometry
596,Geometry
597,Algebra
598,Combinatorics
599,Algebra
600,Combinatorics
601,Algebra
602,Algebra
603,Geometry
604,Algebra
605,Algebra
606,Algebra
607,Combinatorics
608,Algebra
609,Number Theory
610,Algebra
611,Combinatorics
612,Geometry
613,Algebra
614,Algebra
615,Algebra
616,Geometry
617,Number Theory
618,Algebra
619,Number Theory
620,Algebra
621,Geometry
622,Algebra
623,Algebra
624,Geometry
625,Geometry
626,Algebra
627,Number Theory
628,Algebra
629,Algebra
630,Geometry
631,Algebra
632,Algebra
633,Geometry
634,Algebra
635,Combinatorics
636,Combinatorics
637,Geometry
638,Geometry
639,Geometry
640,Geometry
641,Geometry
642,Algebra
643,Geometry
644,Number Theory
645,Number Theory
646,Algebra
647,Algebra
648,Geometry
649,Number Theory
650,Algebra
651,Algebra
652,Algebra
653,Combinatorics
654,Algebra
655,Geometry
656,Algebra
657,Number Theory
658,Algebra
659,Combinatorics
660,Algebra
661,Geometry
662,Algebra
663,Algebra
664,Geometry
665,Algebra
666,Combinatorics
667,Algebra
668,Combinatorics
669,Algebra
670,Algebra
671,Algebra
672,Algebra
673,Combinatorics
674,Algebra
675,Number Theory
676,Geometry
677,Geometry
679,Geometry
680,Algebra
681,Algebra
682,Geometry
683,Algebra
684,Geometry
685,Number Theory
686,Algebra
687,Number Theory
688,Number Theory
689,Algebra
690,Geometry
691,Number Theory
692,Geometry
693,Algebra
694,Geometry
695,Number Theory
696,Algebra
697,Algebra
698,Algebra
699,Algebra
700,Combinatorics
701,Algebra
702,Algebra
703,Geometry
704,Combinatorics
705,Geometry
706,Algebra
707,Algebra
708,Number Theory
709,Combinatorics
710,Number Theory
711,Number Theory
712,Algebra
713,Geometry
714,Algebra
715,Algebra
716,Geometry
717,Algebra
718,Number Theory
719,Geometry
720,Algebra
721,Geometry
722,Geometry
723,Algebra
724,Algebra
725,Combinatorics
726,Algebra
727,Combinatorics
728,Combinatorics
729,Algebra
730,Combinatorics
732,Algebra
733,Algebra
734,Geometry
735,Geometry
736,Combinatorics
737,Algebra
738,Geometry
739,Algebra
740,Algebra
741,Algebra
742,Geometry
743,Combinatorics
744,Number Theory
745,Geometry
746,Combinatorics
747,Geometry
748,Geometry
749,Number Theory
750,Number Theory
751,Combinatorics
752,Number Theory
753,Algebra
754,Geometry
755,Algebra
756,Geometry
757,Geometry
758,Geometry
759,Geometry
760,Geometry
761,Number Theory
762,Number Theory
763,Algebra
764,Algebra
765,Geometry
766,Combinatorics
767,Geometry
768,Algebra
769,Algebra
770,Algebra
771,Algebra
772,Geometry
773,Combinatorics
774,Combinatorics
775,Combinatorics
776,Geometry
777,Combinatorics
778,Number Theory
779,Algebra
780,Number Theory
781,Algebra
782,Number Theory
783,Algebra
784,Algebra
785,Algebra
786,Combinatorics
787,Number Theory
788,Number Theory
789,Algebra
790,Geometry
791,Number Theory
792,Geometry
793,Combinatorics
794,Algebra
795,Algebra
796,Algebra
797,Algebra
798,Algebra
799,Combinatorics
800,Algebra
801,Combinatorics
802,Combinatorics
803,Geometry
804,Algebra
805,Combinatorics
806,Algebra
807,Algebra
808,Number Theory
809,Algebra
810,Algebra
811,Geometry
812,Geometry
813,Combinatorics
814,Number Theory
815,Number Theory
816,Geometry
817,Number Theory
818,Number Theory
819,Geometry
820,Geometry
821,Number Theory
822,Geometry
823,Number Theory
824,Combinatorics
825,Combinatorics
826,Algebra
827,Geometry
828,Number Theory
829,Number Theory
830,Algebra
831,Combinatorics
832,Algebra
833,Geometry
834,Algebra
835,Geometry
836,Combinatorics
837,Algebra
838,Number Theory
839,Combinatorics
840,Number Theory
841,Number Theory
842,Algebra
843,Algebra
844,Number Theory
845,Number Theory
846,Geometry
847,Algebra
848,Geometry
849,Combinatorics
850,Combinatorics
851,Geometry
852,Number Theory
853,Number Theory
854,Number Theory
855,Combinatorics
856,Algebra
857,Geometry
858,Algebra
859,Geometry
860,Geometry
861,Combinatorics
862,Combinatorics
863,Number Theory
864,Number Theory
865,Algebra
866,Algebra
867,Combinatorics
868,Algebra
869,Combinatorics
870,Combinatorics
871,Combinatorics
872,Number Theory
873,Algebra
874,Geometry
875,Geometry
876,Algebra
877,Algebra
878,Combinatorics
879,Algebra
880,Number Theory
881,Algebra
882,Algebra
883,Combinatorics
884,Combinatorics
885,Combinatorics
886,Algebra
887,Number Theory
888,Combinatorics
889,Number Theory
890,Algebra
891,Number Theory
892,Algebra
893,Combinatorics
894,Geometry
895,Number Theory
896,Geometry
897,Algebra
899,Combinatorics
900,Combinatorics
901,Combinatorics
902,Algebra
903,Combinatorics
904,Combinatorics
905,Algebra
906,Geometry
907,Geometry
908,Combinatorics
909,Algebra
910,Algebra
911,Geometry
912,Geometry
913,Geometry
914,Combinatorics
915,Geometry
916,Number Theory
917,Combinatorics
918,Geometry
919,Number Theory
920,Algebra
921,Algebra
922,Algebra
923,Combinatorics
924,Algebra
925,Combinatorics
926,Geometry
927,Combinatorics
928,Geometry
929,Algebra
930,Algebra
931,Algebra
932,Algebra
933,Algebra
934,Combinatorics
935,Algebra
936,Algebra
937,Geometry
938,Algebra
939,Algebra
940,Combinatorics
941,Geometry
942,Number Theory
943,Algebra
944,Number Theory
945,Geometry
946,Algebra
947,Geometry
948,Number Theory
949,Algebra
950,Algebra
951,Algebra
952,Combinatorics
953,Number Theory
954,Geometry
955,Geometry
956,Algebra
957,Combinatorics
958,Algebra
959,Algebra
960,Combinatorics
961,Geometry
962,Geometry
963,Number Theory
964,Geometry
965,Algebra
966,Geometry
967,Combinatorics
968,Geometry
969,Combinatorics
970,Algebra
971,Number Theory
972,Geometry
973,Algebra
974,Algebra
975,Geometry
976,Algebra
977,Combinatorics
978,Number Theory
979,Algebra
980,Algebra
981,Geometry
982,Algebra
983,Combinatorics
984,Number Theory
985,Number Theory
986,Geometry
987,Algebra
988,Algebra
989,Number Theory
990,Geometry
991,Algebra
992,Algebra
993,Combinatorics
994,Algebra
995,Number Theory
996,Geometry
997,Algebra
998,Number Theory
999,Combinatorics
1000,Geometry
1001,Combinatorics
1002,Algebra
1003,Algebra
1004,Algebra
1005,Algebra
1006,Combinatorics
1007,Geometry
1008,Algebra
1009,Geometry
1010,Geometry
1011,Algebra
1012,Number Theory
1013,Geometry
1014,Algebra
1015,Combinatorics
1016,Combinatorics
1017,Combinatorics
1018,Combinatorics
1019,Algebra
1020,Algebra
1021,Algebra
1022,Algebra
1023,Number Theory
1024,Algebra
1025,Algebra
1026,Geometry
1027,Combinatorics
1028,Geometry
1029,Algebra
1030,Combinatorics
1031,Geometry
1032,Algebra
1033,Algebra
1034,Combinatorics
1035,Algebra
1036,Number Theory
1037,Combinatorics
1038,Geometry
1039,Algebra
1040,Combinatorics
1041,Geometry
1042,Algebra
1043,Algebra
1044,Number Theory
1045,Number Theory
1046,Geometry
1048,Geometry
1049,Geometry
1050,Algebra
1051,Number Theory
1052,Geometry
1053,Number Theory
1054,Geometry
1055,Algebra
1056,Algebra
1057,Number Theory
1058,Algebra
1059,Combinatorics
1060,Geometry
1061,Number Theory
1062,Algebra
1064,Combinatorics
1065,Algebra
1066,Geometry
1067,Geometry
1068,Combinatorics
1069,Algebra
1070,Number Theory
1071,Combinatorics
1072,Algebra
1073,Geometry
1074,Geometry
1075,Geometry
1076,Algebra
1077,Number Theory
1078,Algebra
1080,Geometry
1081,Combinatorics
1082,Combinatorics
1083,Algebra
1084,Geometry
1085,Geometry
1086,Algebra
1087,Algebra
1088,Geometry
1089,Number Theory
1090,Geometry
1091,Number Theory
1092,Combinatorics
1093,Algebra
1094,Combinatorics
1095,Algebra
1096,Combinatorics
1097,Algebra
1098,Geometry
1099,Algebra
1100,Geometry
1101,Algebra
1102,Combinatorics
1103,Number Theory
1104,Algebra
1105,Algebra
1106,Algebra
1107,Number Theory
1108,Algebra
1109,Number Theory
1110,Combinatorics
1111,Geometry
1112,Algebra
1113,Number Theory
1114,Algebra
1115,Algebra
1116,Geometry
1117,Geometry
1118,Geometry
1119,Algebra
1120,Algebra
1121,Combinatorics
1122,Geometry
1123,Geometry
1124,Geometry
1125,Geometry
1126,Geometry
1127,Number Theory
1128,Number Theory
1129,Algebra
1130,Algebra
1131,Number Theory
1132,Combinatorics
1133,Number Theory
1134,Algebra
1135,Geometry
1136,Geometry
1137,Number Theory
1138,Geometry
1139,Algebra
1140,Combinatorics
1141,Combinatorics
1142,Algebra
1143,Geometry
1144,Number Theory
1145,Algebra
1146,Number Theory
1147,Geometry
1148,Geometry
1149,Algebra
1150,Geometry
1151,Geometry
1152,Combinatorics
1153,Geometry
1154,Algebra
1155,Algebra
1156,Combinatorics
1157,Number Theory
1158,Number Theory
1159,Geometry
1160,Geometry
1161,Combinatorics
1162,Number Theory
1163,Combinatorics
1164,Geometry
1165,Algebra
1166,Algebra
1167,Algebra
1168,Number Theory
1169,Algebra
1170,Combinatorics
1171,Number Theory
1172,Algebra
1173,Algebra
1174,Algebra
1175,Combinatorics
1176,Geometry
1177,Algebra
1178,Geometry
1179,Algebra
1180,Algebra
1181,Algebra
1182,Number Theory
1183,Algebra
1184,Algebra
1185,Combinatorics
1186,Combinatorics
1187,Algebra
1188,Geometry
1189,Algebra
1190,Number Theory
1191,Combinatorics
1192,Geometry
1193,Number Theory
1194,Combinatorics
1195,Combinatorics
1196,Algebra
1197,Algebra
1198,Combinatorics
1199,Algebra
1200,Number Theory
1201,Algebra
1202,Algebra
1203,Number Theory
1204,Combinatorics
1205,Algebra
1206,Algebra
1207,Geometry
1208,Combinatorics
1209,Number Theory
1210,Algebra
1211,Geometry
1212,Combinatorics
1213,Algebra
1214,Combinatorics
1215,Combinatorics
1216,Combinatorics
1217,Number Theory
1218,Algebra
1219,Algebra
1220,Number Theory
1221,Number Theory
1222,Geometry
1223,Algebra
1224,Combinatorics
1225,Algebra
1226,Combinatorics
1227,Algebra
1228,Number Theory
1229,Geometry
1230,Geometry
1231,Number Theory
1232,Number Theory
1233,Geometry
1235,Algebra
1236,Geometry
1237,Combinatorics
1238,Combinatorics
1239,Combinatorics
1240,Algebra
1241,Combinatorics
1242,Geometry
1243,Combinatorics
1244,Algebra
1245,Geometry
1246,Geometry
1247,Algebra
1249,Geometry
1250,Combinatorics
1251,Algebra
1252,Geometry
1253,Algebra
1254,Geometry
1255,Geometry
1256,Combinatorics
1257,Number Theory
1258,Combinatorics
1259,Geometry
1260,Combinatorics
1261,Algebra
1262,Number Theory
1263,Combinatorics
1264,Combinatorics
1265,Number Theory
1266,Algebra
1267,Algebra
1268,Algebra
1269,Geometry
1270,Algebra
1271,Number Theory
1272,Algebra
1273,Combinatorics
1274,Algebra
1275,Combinatorics
1276,Combinatorics
1277,Number Theory
1278,Geometry
1279,Geometry
1280,Algebra
1281,Algebra
1282,Number Theory
1283,Algebra
1284,Geometry
1285,Geometry
1286,Algebra
1287,Algebra
1288,Algebra
1289,Geometry
1290,Number Theory
1291,Number Theory
1292,Geometry
1293,Number Theory
1294,Combinatorics
1295,Geometry
1296,Algebra
1297,Combinatorics
1298,Algebra
1299,Number Theory
1300,Combinatorics
1301,Geometry
1302,Algebra
1303,Algebra
1304,Algebra
1305,Combinatorics
1306,Algebra
1307,Algebra
1308,Algebra
1309,Combinatorics
1310,Geometry
1311,Combinatorics
1312,Geometry
1313,Number Theory
1314,Number Theory
1315,Number Theory
1316,Algebra
1317,Algebra
1318,Combinatorics
1319,Geometry
1320,Geometry
1321,Number Theory
1322,Combinatorics
1323,Algebra
1324,Combinatorics
1325,Geometry
1326,Combinatorics
1327,Geometry
1328,Geometry
1329,Combinatorics
1330,Geometry
1331,Combinatorics
1332,Algebra
1333,Number Theory
1334,Number Theory
1335,Combinatorics
1336,Algebra
1337,Algebra
1338,Number Theory
1339,Number Theory
1340,Combinatorics
1341,Number Theory
1342,Number Theory
1343,Geometry
1344,Algebra
1345,Geometry
1346,Geometry
1347,Algebra
1348,Geometry
1349,Combinatorics
1350,Algebra
1351,Number Theory
1352,Algebra
1353,Combinatorics
1354,Algebra
1355,Algebra
1356,Geometry
1357,Combinatorics
1358,Geometry
1359,Algebra
1360,Algebra
1361,Algebra
1362,Number Theory
1363,Combinatorics
1364,Geometry
1365,Algebra
1366,Algebra
1367,Number Theory
1368,Algebra
1369,Algebra
1370,Geometry
1371,Algebra
1372,Geometry
1373,Algebra
1374,Combinatorics
1375,Geometry
1376,Combinatorics
1377,Geometry
1378,Combinatorics
1379,Algebra
1380,Geometry
1381,Number Theory
1382,Geometry
1383,Geometry
1384,Number Theory
1385,Combinatorics
1386,Geometry
1387,Number Theory
1388,Combinatorics
1389,Number Theory
1390,Algebra
1391,Algebra
1392,Geometry
1393,Algebra
1394,Combinatorics
1395,Combinatorics
1396,Algebra
1397,Combinatorics
1398,Combinatorics
1399,Number Theory
1400,Algebra
1401,Algebra
1402,Number Theory
1403,Geometry
1404,Geometry
1405,Algebra
1406,Geometry
1407,Algebra
1408,Algebra
1409,Combinatorics
1410,Algebra
1411,Geometry
1412,Number Theory
1413,Algebra
1414,Combinatorics
1415,Geometry
1416,Algebra
1417,Algebra
1418,Algebra
1419,Geometry
1420,Number Theory
1421,Combinatorics
1422,Algebra
1423,Number Theory
1424,Number Theory
1425,Combinatorics
1426,Combinatorics
1427,Algebra
1428,Geometry
1429,Algebra
1430,Algebra
1431,Algebra
1432,Algebra
1433,Geometry
1434,Geometry
1435,Algebra
1436,Algebra
1437,Combinatorics
1438,Combinatorics
1439,Algebra
1440,Algebra
1441,Combinatorics
1442,Combinatorics
1443,Number Theory
1444,Combinatorics
1445,Combinatorics
1446,Number Theory
1447,Combinatorics
1448,Combinatorics
1449,Algebra
1450,Geometry
1451,Combinatorics
1453,Combinatorics
1454,Algebra
1455,Combinatorics
1456,Geometry
1457,Algebra
1458,Algebra
1459,Geometry
1460,Algebra
1461,Combinatorics
1462,Algebra
1463,Geometry
1464,Geometry
1465,Number Theory
1466,Algebra
1467,Geometry
1468,Combinatorics
1469,Algebra
1470,Number Theory
1471,Algebra
1472,Algebra
1473,Combinatorics
1474,Algebra
1475,Algebra
1476,Combinatorics
1477,Number Theory
1478,Geometry
1479,Algebra
1480,Algebra
1481,Geometry
1482,Algebra
1483,Number Theory
1484,Number Theory
1485,Combinatorics
1486,Algebra
1487,Number Theory
1488,Geometry
1489,Geometry
1490,Geometry
1491,Combinatorics
1492,Algebra
1493,Number Theory
1494,Geometry
1495,Algebra
1496,Combinatorics
1497,Algebra
1498,Geometry
1499,Algebra
1500,Combinatorics
1501,Combinatorics
1502,Algebra
1503,Combinatorics
1504,Geometry
1505,Combinatorics
1506,Combinatorics
1507,Number Theory
1508,Combinatorics
1509,Algebra
1510,Number Theory
1511,Combinatorics
1512,Algebra
1513,Algebra
1514,Combinatorics
1515,Algebra
1516,Algebra
1517,Algebra
1518,Algebra
1519,Algebra
1520,Combinatorics
1521,Number Theory
1522,Geometry
1523,Number Theory
1524,Number Theory
1525,Algebra
1526,Algebra
1527,Number Theory
1528,Geometry
1529,Algebra
1530,Geometry
1531,Algebra
1532,Number Theory
1533,Number Theory
1534,Algebra
1535,Combinatorics
1536,Algebra
1537,Combinatorics
1538,Geometry
1539,Geometry
1540,Combinatorics
1541,Combinatorics
1542,Algebra
1543,Combinatorics
1544,Number Theory
1545,Combinatorics
1546,Geometry
1547,Geometry
1548,Combinatorics
1549,Algebra
1550,Geometry
1551,Combinatorics
1552,Geometry
1553,Combinatorics
1554,Combinatorics
1555,Combinatorics
1556,Geometry
1557,Algebra
1558,Geometry
1559,Combinatorics
1560,Algebra
1561,Algebra
1562,Geometry
1563,Combinatorics
1564,Algebra
1565,Combinatorics
1566,Geometry
1567,Combinatorics
1568,Algebra
1569,Number Theory
1570,Combinatorics
1571,Number Theory
1572,Geometry
1573,Geometry
1574,Geometry
1575,Combinatorics
1576,Algebra
1577,Algebra
1578,Number Theory
1579,Geometry
1580,Combinatorics
1581,Number Theory
1582,Algebra
1583,Combinatorics
1584,Number Theory
1585,Geometry
1586,Combinatorics
1587,Algebra
1588,Number Theory
1589,Combinatorics
1590,Algebra
1591,Number Theory
1592,Combinatorics
1593,Combinatorics
1594,Algebra
1595,Geometry
1596,Geometry
1597,Algebra
1598,Algebra
1599,Algebra
1600,Geometry
1601,Algebra
1602,Combinatorics
1603,Combinatorics
1604,Algebra
1605,Combinatorics
1606,Geometry
1607,Algebra
1608,Geometry
1609,Combinatorics
1610,Algebra
1611,Number Theory
1612,Algebra
1613,Geometry
1614,Geometry
1615,Algebra
1616,Algebra
1617,Algebra
1618,Geometry
1619,Algebra
1620,Combinatorics
1621,Algebra
1622,Number Theory
1623,Algebra
1624,Geometry
1625,Geometry
1626,Number Theory
1627,Algebra
1628,Geometry
1629,Number Theory
1630,Algebra
1631,Algebra
1632,Combinatorics
1633,Algebra
1634,Geometry
1635,Number Theory
1636,Combinatorics
1637,Algebra
1638,Algebra
1639,Combinatorics
1640,Number Theory
1641,Algebra
1642,Number Theory
1643,Geometry
1644,Number Theory
1645,Algebra
1646,Algebra
1647,Geometry
1648,Geometry
1649,Geometry
1650,Geometry
1651,Algebra
1652,Algebra
1653,Combinatorics
1654,Algebra
1655,Number Theory
1656,Combinatorics
1657,Algebra
1658,Geometry
1659,Geometry
1660,Algebra
1661,Combinatorics
1662,Geometry
1663,Algebra
1664,Combinatorics
1665,Combinatorics
1666,Algebra
1667,Algebra
1668,Geometry
1669,Number Theory
1670,Number Theory
1671,Number Theory
1672,Number Theory
1673,Algebra
1674,Combinatorics
1675,Algebra
1676,Algebra
1677,Algebra
1678,Algebra
1679,Number Theory
1680,Number Theory
1681,Algebra
1682,Algebra
1683,Geometry
1684,Algebra
1685,Algebra
1686,Combinatorics
1687,Geometry
1688,Algebra
1689,Algebra
1690,Algebra
1691,Algebra
1692,Algebra
1693,Geometry
1694,Combinatorics
1695,Combinatorics
1696,Combinatorics
1697,Algebra
1698,Combinatorics
1699,Combinatorics
1700,Number Theory
1701,Geometry
1702,Geometry
1703,Geometry
1704,Number Theory
1705,Number Theory
1706,Combinatorics
1707,Combinatorics
1708,Geometry
1709,Combinatorics
1710,Geometry
1711,Geometry
1712,Combinatorics
1713,Geometry
1714,Number Theory
1715,Algebra
1716,Combinatorics
1717,Combinatorics
1718,Number Theory
1719,Algebra
1720,Geometry
1721,Algebra
1722,Geometry
1723,Algebra
1724,Number Theory
1725,Number Theory
1726,Number Theory
1727,Geometry
1728,Algebra
1729,Combinatorics
1730,Number Theory
1731,Geometry
1732,Number Theory
1733,Number Theory
1734,Geometry
1735,Number Theory
1736,Algebra
1737,Geometry
1738,Algebra
1739,Algebra
1740,Combinatorics
1741,Geometry
1742,Geometry
1743,Geometry
1744,Algebra
1745,Algebra
1746,Geometry
1747,Number Theory
1748,Number Theory
1749,Geometry
1750,Algebra
1751,Geometry
1752,Algebra
1753,Geometry
1754,Algebra
1755,Combinatorics
1756,Geometry
1757,Geometry
1758,Geometry
1759,Geometry
1760,Geometry
1761,Algebra
1762,Geometry
1763,Number Theory
1764,Algebra
1765,Geometry
1766,Number Theory
1767,Geometry
1768,Geometry
1769,Geometry
1770,Combinatorics
1771,Geometry
1772,Algebra
1773,Combinatorics
1774,Number Theory
1775,Geometry
1776,Combinatorics
1777,Algebra
1779,Algebra
1780,Algebra
1781,Algebra
1782,Combinatorics
1783,Number Theory
1784,Algebra
1785,Combinatorics
1786,Algebra
1787,Algebra
1788,Geometry
1789,Geometry
1790,Geometry
1791,Geometry
1792,Geometry
1793,Algebra
1794,Geometry
1795,Combinatorics
1796,Number Theory
1797,Algebra
1798,Number Theory
1799,Number Theory
1800,Number Theory
1801,Algebra
1802,Algebra
1803,Combinatorics
1804,Geometry
1805,Algebra
1806,Algebra
1807,Number Theory
1808,Algebra
1809,Combinatorics
1810,Combinatorics
1811,Algebra
1812,Combinatorics
1813,Algebra
1814,Algebra
1816,Algebra
1817,Combinatorics
1818,Number Theory
1819,Combinatorics
1820,Combinatorics
1821,Algebra
1822,Combinatorics
1823,Combinatorics
1824,Number Theory
1825,Combinatorics
1826,Combinatorics
1827,Combinatorics
1828,Geometry
1829,Geometry
1830,Algebra
1831,Algebra
1832,Geometry
1833,Algebra
1834,Combinatorics
1835,Combinatorics
1836,Algebra
1837,Number Theory
1838,Number Theory
1839,Number Theory
1840,Combinatorics
1841,Algebra
1842,Number Theory
1843,Geometry
1844,Combinatorics
1845,Number Theory
1846,Algebra
1847,Number Theory
1848,Geometry
1849,Number Theory
1850,Geometry
1851,Combinatorics
1852,Geometry
1853,Combinatorics
1854,Number Theory
1855,Combinatorics
1856,Algebra
1857,Geometry
1858,Algebra
1859,Number Theory
1860,Combinatorics
1861,Algebra
1862,Number Theory
1863,Number Theory
1865,Number Theory
1866,Number Theory
1867,Algebra
1868,Algebra
1869,Algebra
1870,Algebra
1871,Geometry
1872,Algebra
1873,Algebra
1874,Combinatorics
1875,Combinatorics
1876,Geometry
1877,Geometry
1878,Combinatorics
1879,Combinatorics
1880,Combinatorics
1881,Algebra
1882,Geometry
1883,Number Theory
1884,Algebra
1885,Combinatorics
1886,Algebra
1887,Algebra
1888,Number Theory
1889,Algebra
1890,Number Theory
1891,Geometry
1892,Algebra
1893,Algebra
1894,Algebra
1895,Combinatorics
1896,Geometry
1897,Geometry
1898,Algebra
1899,Algebra
1900,Geometry
1901,Combinatorics
1902,Geometry
1903,Algebra
1904,Geometry
1905,Geometry
1906,Algebra
1907,Number Theory
1908,Combinatorics
1909,Number Theory
1910,Number Theory
1911,Number Theory
1912,Algebra
1913,Algebra
1914,Number Theory
1915,Geometry
1916,Algebra
1917,Combinatorics
1918,Geometry
1919,Number Theory
1920,Geometry
1921,Algebra
1922,Number Theory
1923,Geometry
1924,Algebra
1925,Combinatorics
1926,Algebra
1927,Combinatorics
1928,Combinatorics
1929,Algebra
1930,Algebra
1931,Algebra
1932,Combinatorics
1933,Geometry
1934,Geometry
1935,Geometry
1936,Number Theory
1937,Combinatorics
1938,Geometry
1939,Geometry
1940,Geometry
1941,Combinatorics
1942,Combinatorics
1943,Algebra
1944,Combinatorics
1945,Combinatorics
1946,Algebra
1947,Number Theory
1948,Combinatorics
1949,Algebra
1950,Combinatorics
1951,Combinatorics
1952,Algebra
1953,Algebra
1954,Number Theory
1955,Algebra
1956,Algebra
1957,Algebra
1958,Combinatorics
1959,Geometry
1960,Algebra
1961,Number Theory
1962,Geometry
1963,Combinatorics
1964,Geometry
1965,Combinatorics
1966,Combinatorics
1967,Number Theory
1968,Geometry
1969,Number Theory
1970,Geometry
1971,Geometry
1972,Algebra
1973,Number Theory
1974,Combinatorics
1975,Geometry
1976,Algebra
1977,Combinatorics
1978,Combinatorics
1979,Combinatorics
1980,Algebra
1981,Algebra
1982,Geometry
1983,Number Theory
1984,Algebra
1985,Number Theory
1986,Combinatorics
1987,Combinatorics
1988,Combinatorics
1989,Geometry
1990,Number Theory
1991,Geometry
1992,Geometry
1993,Number Theory
1994,Algebra
1995,Number Theory
1996,Geometry
1997,Algebra
1998,Algebra
1999,Geometry
2000,Geometry
2001,Geometry
2002,Number Theory
2003,Geometry
2004,Number Theory
2005,Geometry
2006,Algebra
2007,Combinatorics
2008,Algebra
2009,Combinatorics
2010,Geometry
2011,Geometry
2012,Algebra
2013,Algebra
2014,Combinatorics
2015,Geometry
2016,Geometry
2017,Algebra
2018,Geometry
2019,Number Theory
2020,Algebra
2021,Algebra
2022,Number Theory
2023,Geometry
2024,Algebra
2026,Number Theory
2027,Combinatorics
2028,Geometry
2029,Algebra
2030,Algebra
2031,Algebra
2032,Combinatorics
2033,Number Theory
2034,Geometry
2035,Algebra
2036,Number Theory
2037,Geometry
2038,Geometry
2039,Algebra
2040,Number Theory
2041,Algebra
2042,Combinatorics
2043,Number Theory
2044,Combinatorics
2045,Geometry
2046,Geometry
2047,Number Theory
2048,Geometry
2049,Algebra
2050,Number Theory
2051,Algebra
2052,Algebra
2053,Algebra
2054,Geometry
2055,Geometry
2056,Algebra
2057,Combinatorics
2058,Algebra
2059,Number Theory
2060,Number Theory
2061,Number Theory
2062,Combinatorics
2063,Geometry
2064,Number Theory
2065,Combinatorics
2066,Combinatorics
2067,Algebra
2068,Algebra
2069,Number Theory
2070,Combinatorics
2071,Algebra
2072,Geometry
2073,Geometry
2075,Combinatorics
2076,Geometry
2077,Number Theory
2078,Number Theory
2079,Geometry
2080,Combinatorics
2081,Number Theory
2082,Combinatorics
2083,Algebra
2084,Combinatorics
2085,Number Theory
2086,Combinatorics
2087,Number Theory
2088,Number Theory
2089,Number Theory
2090,Combinatorics
2091,Number Theory
2092,Geometry
2093,Geometry
2094,Combinatorics
2095,Geometry
2096,Algebra
2097,Algebra
2098,Combinatorics
2099,Algebra
2100,Geometry
2101,Geometry
2102,Algebra
2103,Algebra
2104,Algebra
2105,Number Theory
2106,Algebra
2107,Algebra
2108,Algebra
2109,Combinatorics
2110,Number Theory
2111,Algebra
2112,Number Theory
2113,Combinatorics
2114,Geometry
2115,Geometry
2116,Algebra
2117,Algebra
2118,Algebra
2119,Algebra
2120,Algebra
2121,Algebra
2122,Algebra
2123,Algebra
2124,Algebra
2125,Combinatorics
2126,Combinatorics
2127,Algebra
2128,Algebra
2129,Algebra
2130,Algebra
2131,Algebra
2132,Algebra
2133,Algebra
2134,Geometry
2135,Number Theory
2136,Combinatorics
2137,Geometry
2138,Number Theory
2139,Geometry
2140,Algebra
2141,Algebra
2142,Algebra
2143,Algebra
2144,Geometry
2145,Algebra
2146,Combinatorics
2147,Algebra
2148,Algebra
2149,Geometry
2150,Algebra
2151,Algebra
2152,Geometry
2153,Number Theory
2154,Algebra
2155,Algebra
2156,Algebra
2157,Algebra
2158,Combinatorics
2159,Combinatorics
2160,Combinatorics
2161,Geometry
2162,Geometry
2163,Combinatorics
2164,Geometry
2165,Geometry
2166,Number Theory
2167,Combinatorics
2168,Combinatorics
2169,Algebra
2170,Geometry
2171,Number Theory
2172,Number Theory
2173,Algebra
2174,Algebra
2175,Combinatorics
2176,Combinatorics
2177,Algebra
2178,Geometry
2179,Geometry
2180,Combinatorics
2181,Combinatorics
2182,Algebra
2183,Combinatorics
2184,Combinatorics
2185,Combinatorics
2186,Algebra
2187,Combinatorics
2188,Algebra
2189,Algebra
2190,Algebra
2191,Combinatorics
2192,Number Theory
2193,Geometry
2194,Algebra
2195,Algebra
2196,Geometry
2197,Geometry
2198,Geometry
2199,Geometry
2200,Algebra
2201,Combinatorics
2202,Combinatorics
2203,Combinatorics
2204,Geometry
2205,Number Theory
2206,Geometry
2207,Number Theory
2208,Geometry
2209,Algebra
2210,Geometry
2211,Combinatorics
2212,Number Theory
2213,Geometry
2214,Algebra
2215,Algebra
2216,Algebra
2217,Combinatorics
2218,Algebra
2219,Geometry
2220,Algebra
2221,Algebra
2222,Geometry
2223,Geometry
2224,Algebra
2225,Algebra
2226,Combinatorics
2227,Algebra
2228,Number Theory
2229,Combinatorics
2230,Algebra
2231,Algebra
2232,Combinatorics
2233,Combinatorics
2234,Number Theory
2235,Algebra
2236,Algebra
2237,Number Theory
2238,Algebra
2239,Algebra
2240,Algebra
2241,Geometry
2242,Geometry
2243,Algebra
2244,Combinatorics
2245,Number Theory
2246,Algebra
2247,Algebra
2248,Algebra
2249,Number Theory
2250,Algebra
2251,Algebra
2252,Algebra
2253,Geometry
2254,Combinatorics
2255,Algebra
2256,Geometry
2257,Number Theory
2258,Geometry
2259,Algebra
2260,Geometry
2261,Geometry
2262,Algebra
2263,Algebra
2264,Algebra
2265,Algebra
2266,Combinatorics
2267,Geometry
2268,Algebra
2269,Number Theory
2270,Algebra
2271,Algebra
2272,Algebra
2273,Geometry
2274,Combinatorics
2275,Algebra
2276,Geometry
2277,Number Theory
2278,Algebra
2279,Algebra
2280,Number Theory
2281,Algebra
2282,Algebra
2283,Combinatorics
2284,Combinatorics
2285,Algebra
2286,Algebra
2287,Combinatorics
2288,Geometry
2289,Algebra
2290,Number Theory
2291,Algebra
2292,Number Theory
2293,Number Theory
2294,Combinatorics
2295,Combinatorics
2296,Combinatorics
2297,Number Theory
2298,Algebra
2299,Combinatorics
2300,Geometry
2301,Geometry
2302,Algebra
2303,Algebra
2304,Combinatorics
2306,Algebra
2307,Combinatorics
2308,Algebra
2309,Geometry
2310,Geometry
2311,Combinatorics
2312,Geometry
2313,Geometry
2314,Algebra
2315,Number Theory
2316,Algebra
2317,Algebra
2318,Algebra
2319,Algebra
2320,Combinatorics
2321,Algebra
2322,Geometry
2323,Algebra
2324,Geometry
2325,Number Theory
2326,Algebra
2327,Number Theory
2328,Geometry
2329,Geometry
2330,Combinatorics
2331,Geometry
2332,Geometry
2333,Geometry
2334,Geometry
2335,Combinatorics
2336,Geometry
2337,Algebra
2338,Combinatorics
2339,Number Theory
2340,Algebra
2341,Number Theory
2342,Number Theory
2343,Number Theory
2344,Algebra
2345,Number Theory
2346,Combinatorics
2347,Geometry
2348,Algebra
2349,Geometry
2350,Combinatorics
2351,Algebra
2352,Geometry
2353,Geometry
2354,Combinatorics
2355,Geometry
2356,Number Theory
2357,Algebra
2358,Combinatorics
2359,Geometry
2360,Algebra
2361,Combinatorics
2362,Geometry
2363,Algebra
2364,Geometry
2365,Geometry
2366,Algebra
2367,Geometry
2368,Combinatorics
2369,Algebra
2370,Geometry
2371,Algebra
2372,Algebra
2373,Number Theory
2374,Combinatorics
2375,Algebra
2376,Number Theory
2377,Combinatorics
2378,Number Theory
2380,Algebra
2381,Geometry
2382,Geometry
2383,Geometry
2384,Geometry
2385,Combinatorics
2386,Algebra
2387,Algebra
2388,Algebra
2389,Algebra
2390,Number Theory
2391,Geometry
2392,Geometry
2393,Algebra
2394,Algebra
2395,Algebra
2396,Geometry
2397,Algebra
2398,Number Theory
2399,Algebra
2400,Algebra
2401,Geometry
2402,Geometry
2403,Geometry
2404,Algebra
2405,Algebra
2406,Algebra
2407,Geometry
2408,Combinatorics
2409,Algebra
2410,Combinatorics
2411,Algebra
2412,Algebra
2413,Algebra
2414,Combinatorics
2415,Number Theory
2416,Geometry
2417,Combinatorics
2418,Algebra
2419,Algebra
2420,Algebra
2421,Combinatorics
2422,Algebra
2423,Number Theory
2424,Geometry
2425,Geometry
2426,Algebra
2427,Algebra
2428,Algebra
2429,Algebra
2430,Number Theory
2431,Algebra
2432,Algebra
2433,Geometry
2434,Algebra
2435,Algebra
2436,Combinatorics
2437,Geometry
2438,Combinatorics
2439,Algebra
2440,Geometry
2441,Geometry
2442,Geometry
2443,Number Theory
2445,Algebra
2446,Algebra
2447,Algebra
2448,Combinatorics
2449,Algebra
2450,Geometry
2451,Number Theory
2452,Algebra
2453,Geometry
2454,Combinatorics
2455,Algebra
2456,Algebra
2457,Combinatorics
2458,Algebra
2459,Geometry
2460,Number Theory
2461,Geometry
2462,Combinatorics
2463,Algebra
2464,Geometry
2465,Combinatorics
2466,Combinatorics
2467,Algebra
2468,Number Theory
2469,Number Theory
2470,Algebra
2471,Geometry
2472,Geometry
2473,Geometry
2474,Number Theory
2475,Algebra
2476,Algebra
2477,Algebra
2478,Algebra
2479,Algebra
2480,Combinatorics
2481,Combinatorics
2482,Algebra
2483,Algebra
2484,Geometry
2485,Algebra
2486,Number Theory
2487,Geometry
2488,Combinatorics
2489,Algebra
2490,Geometry
2491,Number Theory
2492,Algebra
2493,Combinatorics
2494,Number Theory
2495,Algebra
2496,Geometry
2497,Geometry
2498,Algebra
2499,Geometry
2500,Combinatorics
2501,Combinatorics
2502,Combinatorics
2503,Geometry
2504,Number Theory
2505,Combinatorics
2506,Combinatorics
2507,Number Theory
2508,Algebra
2509,Algebra
2510,Algebra
2511,Geometry
2512,Geometry
2513,Geometry
2514,Geometry
2515,Combinatorics
2516,Geometry
2517,Algebra
2518,Combinatorics
2519,Algebra
2520,Geometry
2521,Geometry
2522,Geometry
2523,Algebra
2524,Combinatorics
2525,Combinatorics
2526,Geometry
2527,Algebra
2528,Combinatorics
2529,Algebra
2530,Number Theory
2531,Combinatorics
2532,Algebra
2533,Geometry
2534,Algebra
2535,Geometry
2536,Geometry
2537,Algebra
2539,Algebra
2540,Combinatorics
2541,Algebra
2542,Algebra
2543,Algebra
2544,Combinatorics
2545,Geometry
2546,Algebra
2547,Algebra
2548,Algebra
2549,Combinatorics
2550,Geometry
2551,Algebra
2552,Algebra
2553,Number Theory
2554,Combinatorics
2555,Algebra
2556,Geometry
2557,Number Theory
2558,Number Theory
2559,Algebra
2560,Combinatorics
2561,Geometry
2562,Algebra
2563,Combinatorics
2564,Combinatorics
2565,Combinatorics
2566,Combinatorics
2567,Number Theory
2568,Geometry
2569,Combinatorics
2570,Combinatorics
2571,Algebra
2572,Combinatorics
2573,Number Theory
2574,Algebra
2575,Algebra
2576,Algebra
2577,Algebra
2578,Geometry
2579,Algebra
2580,Algebra
2581,Geometry
2582,Number Theory
2583,Number Theory
2584,Algebra
2585,Geometry
2586,Algebra
2587,Geometry
2588,Geometry
2589,Algebra
2590,Algebra
2591,Algebra
2592,Geometry
2593,Geometry
2594,Number Theory
2595,Geometry
2596,Geometry
2597,Combinatorics
2598,Algebra
2599,Number Theory
2600,Algebra
2601,Geometry
2602,Combinatorics
2603,Geometry
2604,Geometry
2605,Combinatorics
2606,Number Theory
2607,Algebra
2608,Combinatorics
2609,Geometry
2610,Geometry
2611,Number Theory
2613,Combinatorics
2614,Algebra
2615,Geometry
2616,Number Theory
2617,Algebra
2618,Algebra
2619,Algebra
2620,Combinatorics
2621,Geometry
2622,Algebra
2623,Number Theory
2624,Algebra
2625,Geometry
2626,Number Theory
2627,Geometry
2628,Geometry
2629,Algebra
2630,Algebra
2631,Number Theory
2632,Number Theory
2633,Algebra
2634,Algebra
2635,Number Theory
2636,Algebra
2637,Geometry
2638,Geometry
2639,Geometry
2640,Algebra
2641,Number Theory
2642,Number Theory
2643,Algebra
2644,Algebra
2645,Algebra
2646,Algebra
2647,Number Theory
2648,Number Theory
2649,Geometry
2650,Combinatorics
2651,Number Theory
2652,Combinatorics
2653,Number Theory
2654,Geometry
2655,Geometry
2656,Combinatorics
2657,Combinatorics
2658,Algebra
2659,Geometry
2660,Number Theory
2661,Number Theory
2662,Geometry
2663,Number Theory
2664,Geometry
2665,Algebra
2666,Algebra
2667,Algebra
2668,Algebra
2669,Combinatorics
2670,Number Theory
2671,Combinatorics
2672,Algebra
2673,Number Theory
2674,Geometry
2675,Number Theory
2676,Combinatorics
2677,Combinatorics
2678,Combinatorics
2679,Combinatorics
2680,Combinatorics
2681,Geometry
2682,Algebra
2683,Algebra
2684,Algebra
2685,Geometry
2686,Geometry
2687,Algebra
2688,Combinatorics
2689,Geometry
2690,Algebra
2691,Geometry
2692,Combinatorics
2693,Combinatorics
2694,Number Theory
2695,Number Theory
2696,Number Theory
2697,Algebra
2698,Geometry
2699,Combinatorics
2700,Combinatorics
2701,Algebra
2703,Combinatorics
2704,Algebra
2705,Algebra
2706,Number Theory
2707,Number Theory
2708,Geometry
2709,Geometry
2710,Algebra
2711,Geometry
2712,Combinatorics
2713,Algebra
2714,Geometry
2715,Algebra
2716,Algebra
2717,Geometry
2718,Combinatorics
2719,Algebra
2720,Combinatorics
2721,Geometry
2722,Combinatorics
2723,Geometry
2724,Algebra
2725,Geometry
2726,Geometry
2727,Algebra
2728,Algebra
2729,Combinatorics
2730,Combinatorics
2731,Geometry
2732,Algebra
2733,Geometry
2734,Geometry
2735,Combinatorics
2736,Algebra
2737,Geometry
2738,Algebra
2739,Algebra
2740,Algebra
2741,Combinatorics
2742,Algebra
2743,Algebra
2744,Algebra
2745,Combinatorics
2746,Algebra
2747,Combinatorics
2748,Number Theory
2749,Algebra
2750,Geometry
2751,Geometry
2752,Algebra
2753,Combinatorics
2754,Algebra
2755,Algebra
2756,Combinatorics
2757,Algebra
2758,Algebra
2759,Algebra
2760,Combinatorics
2761,Algebra
2762,Number Theory
2763,Combinatorics
2764,Algebra
2765,Algebra
2766,Number Theory
2767,Algebra
2768,Geometry
2769,Number Theory
2770,Algebra
2771,Combinatorics
2772,Number Theory
2773,Algebra
2774,Algebra
2775,Algebra
2776,Geometry
2777,Geometry
2778,Number Theory
2779,Algebra
2780,Combinatorics
2781,Number Theory
2782,Algebra
2783,Algebra
2784,Algebra
2785,Algebra
2786,Geometry
2787,Algebra
2788,Number Theory
2789,Combinatorics
2790,Geometry
2791,Geometry
2792,Combinatorics
2793,Algebra
2794,Geometry
2795,Geometry
2796,Number Theory
2797,Algebra
2798,Geometry
2799,Geometry
2800,Algebra
2801,Combinatorics
2802,Algebra
2803,Algebra
2804,Number Theory
2805,Algebra
2806,Algebra
2807,Combinatorics
2808,Algebra
2809,Combinatorics
2810,Algebra
2811,Combinatorics
2812,Number Theory
2813,Combinatorics
2814,Number Theory
2815,Geometry
2816,Algebra
2817,Number Theory
2818,Algebra
2819,Algebra
2820,Geometry
2821,Combinatorics
2822,Combinatorics
2823,Number Theory
2824,Algebra
2825,Algebra
2826,Number Theory
2827,Combinatorics
2828,Combinatorics
2829,Algebra
2830,Geometry
2831,Algebra
2832,Number Theory
2833,Algebra
2834,Algebra
2835,Number Theory
2836,Algebra
2837,Algebra
2838,Combinatorics
2839,Number Theory
2840,Number Theory
2841,Geometry
2842,Number Theory
2843,Number Theory
2844,Number Theory
2845,Algebra
2846,Algebra
2847,Number Theory
2848,Algebra
2849,Algebra
2850,Algebra
2851,Geometry
2852,Combinatorics
2853,Combinatorics
2854,Algebra
2855,Geometry
2856,Combinatorics
2857,Algebra
2858,Number Theory
2859,Algebra
2860,Algebra
2861,Geometry
2862,Algebra
2863,Algebra
2864,Combinatorics
2865,Number Theory
2866,Combinatorics
2867,Number Theory
2868,Combinatorics
2869,Geometry
2870,Number Theory
2871,Combinatorics
2872,Geometry
2873,Algebra
2874,Algebra
2875,Algebra
2876,Geometry
2877,Algebra
2878,Algebra
2879,Number Theory
2880,Geometry
2881,Algebra
2882,Combinatorics
2883,Algebra
2884,Geometry
2885,Combinatorics
2886,Algebra
2887,Geometry
2888,Number Theory
2889,Geometry
2890,Algebra
2891,Algebra
2892,Combinatorics
2893,Combinatorics
2894,Combinatorics
2895,Combinatorics
2896,Combinatorics
2897,Geometry
2898,Combinatorics
2899,Number Theory
2900,Combinatorics
2901,Geometry
2902,Combinatorics
2903,Combinatorics
2904,Geometry
2905,Algebra
2906,Geometry
2907,Combinatorics
2908,Combinatorics
2909,Algebra
2910,Number Theory
2911,Algebra
2912,Number Theory
2913,Number Theory
2914,Number Theory
2915,Algebra
2916,Algebra
2917,Algebra
2918,Geometry
2919,Combinatorics
2920,Number Theory
2921,Combinatorics
2922,Combinatorics
2923,Geometry
2924,Geometry
2925,Geometry
2926,Combinatorics
2927,Algebra
2928,Geometry
2929,Combinatorics
2930,Combinatorics
2931,Algebra
2932,Geometry
2933,Algebra
2934,Algebra
2935,Algebra
2936,Combinatorics
2937,Algebra
2938,Geometry
2939,Algebra
2940,Geometry
2941,Geometry
2942,Number Theory
2943,Algebra
2944,Combinatorics
2945,Algebra
2946,Algebra
2947,Combinatorics
2948,Algebra
2949,Algebra
2950,Algebra
2951,Algebra
2952,Algebra
2953,Geometry
2954,Geometry
2955,Combinatorics
2956,Geometry
2957,Geometry
2958,Geometry
2959,Geometry
2960,Combinatorics
2961,Algebra
2962,Geometry
2963,Number Theory
2964,Combinatorics
2965,Geometry
2966,Algebra
2967,Geometry
2968,Geometry
2969,Geometry
2970,Number Theory
2971,Combinatorics
2972,Combinatorics
2973,Geometry
2974,Algebra
2975,Number Theory
2976,Algebra
2977,Algebra
2978,Combinatorics
2979,Combinatorics
2980,Combinatorics
2981,Combinatorics
2982,Number Theory
2983,Algebra
2984,Number Theory
2985,Algebra
2986,Number Theory
2987,Combinatorics
2988,Algebra
2989,Algebra
2990,Algebra
2991,Algebra
2992,Algebra
2993,Combinatorics
2994,Combinatorics
2995,Combinatorics
2996,Number Theory
2997,Algebra
2998,Algebra
2999,Geometry
3000,Algebra
3001,Geometry
3002,Number Theory
3003,Algebra
3004,Combinatorics
3005,Combinatorics
3006,Algebra
3007,Algebra
3008,Geometry
3009,Algebra
3010,Number Theory
3011,Algebra
3012,Combinatorics
3013,Geometry
3014,Algebra
3015,Algebra
3016,Algebra
3017,Algebra
3018,Algebra
3019,Combinatorics
3020,Algebra
3021,Algebra
3022,Geometry
3023,Geometry
3024,Geometry
3025,Combinatorics
3026,Geometry
3027,Algebra
3028,Algebra
3029,Algebra
3030,Number Theory
3031,Geometry
3032,Number Theory
3033,Combinatorics
3034,Geometry
3035,Combinatorics
3036,Algebra
3037,Geometry
3038,Number Theory
3039,Number Theory
3040,Geometry
3041,Geometry
3042,Number Theory
3043,Combinatorics
